{"operations":{"INT-":[2332,0],"INT+":[67882,0],"loadFIELD":[1481,0],"INTlogic":[66880,0],"INT*":[68,0],"storeVARIABLE":[72699,12320],"DOUBLE/":[1,910],"loadVARIABLE":[413414,43420],"DOUBLE-":[0,28590],"DOUBLE+":[0,100],"DOUBLE*":[110,33190],"storeARRAYEL":[2327,43160],"INT/":[37,0],"storeFIELD":[236,0],"loadARRAYEL":[44797,63790]},"footprint":{"stack-bytes":[114572380,70712216],"heap-bytes":[294921,2676080],"heap-objects":[8440,0],"stack-objects":[19284547,8839027]},"totalErrors":{"Abs Errs":[0,3.0541812568590787E-13],"Errs":[-7.383416794626285E-15,0]}}